,continuous_1,continuous_2,continuous_3,categorical_1,categorical_2,y
0,54.96714153011233,36.99677718293001,7.974465175076856,B,Y,class_1
1,48.61735698828815,34.62316841456384,9.566443987853447,B,Z,class_2
2,56.47688538100692,30.29815184960087,7.622740237000116,B,X,class_2
3,65.23029856408026,26.76531611147213,9.07611541108288,B,Y,class_1
4,47.658466252766644,33.49111656806795,4.319155999138643,A,Y,class_1
5,47.6586304305082,31.967426927108747,10.639881122118815,A,Y,class_1
6,65.79212815507391,34.47596610013866,10.003616426086673,A,Z,class_2
7,57.67434729152909,33.175859008409844,7.548734106795428,B,Y,class_2
8,45.30525614065048,35.247763576596675,11.977737005297215,A,Y,class_2
9,55.42560043585965,27.32382394219716,12.812710412879674,B,Y,class_1
10,45.365823071875376,36.58697032817163,5.177320406893077,A,Y,class_3
11,45.34270246429743,30.987998023461998,7.711825664301357,B,X,class_2
12,52.41962271566034,40.37630436312633,7.692572950638105,A,Z,class_3
13,30.86719755342202,26.55406090955216,7.180290696673406,A,Z,class_1
14,32.75082167486967,38.67981901582625,12.488424525795246,B,X,class_2
15,44.377124707590276,30.989553917313238,9.418521583681589,A,X,class_3
16,39.87168879665576,26.74290998192776,9.206455476068168,B,Z,class_2
17,53.142473325952736,27.58057082972839,3.9884129067797396,A,Y,class_2
18,40.91975924478789,28.3982634590284,11.906254090627678,A,Y,class_2
19,35.87696298664709,32.12082973200958,6.282224815439582,B,Z,class_3
20,64.65648768921554,32.6141774401775,10.179797890798985,B,Y,class_1
21,47.74223699513465,27.131499980307105,10.832130813874576,A,X,class_2
22,50.67528204687924,29.878227038695087,14.081975787515953,A,Y,class_1
23,35.75251813786543,40.71135179305932,6.0735388026426635,A,Y,class_1
24,44.556172754748175,38.637715850503554,0.941463532537524,A,Y,class_3
25,51.10922589709866,32.18161834837016,10.551548634261085,A,Z,class_3
26,38.49006422577697,30.190017390841,15.401533544532562,A,X,class_1
27,53.75698018345672,30.600156633591308,13.716839058818312,B,Y,class_2
28,43.99361310081195,33.06758986365208,10.628978245823877,B,Z,class_3
29,47.083062502067236,24.88603717400797,8.525091443103857,B,Y,class_2
30,43.98293387770603,28.713117312883274,12.421367789911931,A,X,class_2
31,68.52278184508938,21.65707963061205,7.079361400886594,A,Y,class_2
32,49.86502775262066,31.996115613026397,11.429073308068658,A,X,class_1
33,39.422890710441,33.2359796985137,11.51641047749988,B,Y,class_2
34,58.22544912103189,27.58406768850313,13.18062972249664,B,X,class_1
35,37.791563500289776,37.869933816450164,18.278980116733234,A,Y,class_1
36,52.08863595004755,23.871171684988294,11.177247901536301,A,X,class_2
37,30.403298761202244,22.6781255989509,8.473109122877503,B,Y,class_2
38,36.71813951101569,31.122259092799858,9.923277063424017,B,Y,class_2
39,51.96861235869123,35.23549151306077,4.692772285332645,B,Z,class_2
40,57.38466579995411,38.419638457289345,7.915860606732825,A,Z,class_1
41,51.7136828118997,27.7055786856553,8.772152685660688,A,X,class_2
42,48.843517176117594,35.393404167156476,8.427734806196222,A,Y,class_2
43,46.98896304410711,29.807457652496463,10.457064616101166,B,X,class_1
44,35.214780096325725,29.136863500295902,7.5327402028533985,B,Z,class_3
45,42.801557916052914,34.41829968743336,13.363092001973413,A,X,class_3
46,45.393612290402125,33.261614392067095,10.000621194754592,A,X,class_1
47,60.57122226218916,22.118039215078753,9.97209903658412,B,Z,class_3
48,53.43618289568462,37.38270174862948,9.016315850461247,A,Y,class_1
49,32.36959844637266,36.90045677073726,10.465572051576938,B,X,class_2
50,53.24083969394795,26.872186492452354,12.475294794002904,B,Z,class_2
51,46.149177195836835,31.979017667187044,7.398609352867299,A,Y,class_3
52,43.23077999694041,32.47015093141369,8.02565053277423,B,Z,class_2
53,56.11676288840868,31.303368829119535,9.088821913670007,A,X,class_3
54,60.30999522495951,27.2484742307729,5.962387229580355,B,Y,class_3
55,59.31280119116199,26.641883160309742,7.542226420835506,B,Y,class_2
56,41.607824767773614,29.872229645042772,8.571337379366023,A,Z,class_2
57,46.907876241487855,35.86364509629682,12.623167542138182,B,Z,class_3
58,53.31263431403564,32.71800077297216,10.787683987005776,A,Z,class_2
59,59.75545127122359,28.14692833956947,10.580769734102633,A,Y,class_1
60,45.2082576215471,33.85849355324172,12.552693886503917,B,Y,class_2
61,48.14341023336183,15.757286896849623,9.58788463480181,A,X,class_2
62,38.93665025993972,35.74382850186052,11.171394549786669,A,Y,class_1
63,38.037933759193294,21.3014311061095,9.690334741202511,A,X,class_2
64,58.125258223941984,28.18779529298434,10.796087048198885,A,Z,class_2
65,63.56240028570823,24.401650526869282,8.251724027165254,A,Z,class_3
66,49.27989878419666,23.526592621395473,2.6835485251707127,A,Y,class_2
67,60.03532897892024,35.8041339368926,9.597162513441088,B,Z,class_2
68,53.61636025047634,27.661493993440544,14.26824440829982,A,Z,class_1
69,43.54880245394876,31.73251940865358,12.778646206724776,B,Y,class_3
70,53.61395605508414,29.76539710560408,12.896192453773512,B,X,class_3
71,65.38036566465969,32.385204136115604,13.708392165418653,A,Y,class_3
72,49.64173960890049,30.384109455301278,10.265972772884313,B,X,class_2
73,65.64643655814007,23.58503887905715,10.591947122216789,B,Y,class_3
74,23.802548959102555,34.9813340972357,8.147044313696949,A,Y,class_1
75,58.21902504375224,27.531217084193436,9.051781431918851,A,Z,class_3
76,50.870470682381715,22.217090506701243,11.847313449313425,A,Y,class_1
77,47.00992649534132,27.859424195170437,13.611653311506448,B,Y,class_3
78,50.91760776535502,37.503798953171554,9.581661172957002,B,X,class_3
79,30.124310853991073,34.251108710567465,8.649432205445764,A,Z,class_1
80,47.80328112162488,28.256739327960705,10.001583876569791,A,X,class_3
81,53.57112571511746,28.253711478407855,11.803620246787345,B,X,class_3
82,64.77894044741517,28.391824743913087,5.668435551599375,B,Z,class_3
83,44.81729781726352,40.383739917804206,3.1114571405882856,B,Z,class_2
84,41.91506397106812,31.909677261157768,8.34838945152525,B,Z,class_1
85,44.982429564154636,32.15020823595535,6.337862722257524,A,Y,class_3
86,59.15402117702074,35.151417270159214,8.475579407058067,B,Z,class_1
87,53.287511096596845,31.193945795132567,9.556659043547585,B,Z,class_1
88,44.70239796232961,28.704789270896484,8.64025477293096,B,Z,class_1
89,55.13267433113356,29.01825075457511,14.357402603412236,B,X,class_3
90,50.9707754934804,29.641993702929682,10.98023429380696,A,X,class_3
91,59.68644990532889,29.813888817450792,10.901423078832485,A,Y,class_1
92,42.979469061226474,33.6381477181849,11.866621432130206,B,X,class_2
93,46.723378534022316,30.259729429036497,6.583500646657693,B,Y,class_1
94,46.078918468678424,33.6632003860779,13.117335362260807,A,X,class_2
95,35.364850518678814,29.59641709945709,9.77270714039362,A,Z,class_1
96,52.96120277064576,30.393175951580453,12.011441851723637,B,X,class_1
97,52.610552721798896,20.008996577339463,6.784428300879534,B,Y,class_1
98,50.05113456642461,34.581638373512405,5.338723701951807,A,X,class_3
99,47.654128666248525,31.732442379489964,12.453668974075086,A,Z,class_2
100,35.84629257949586,34.99005054929826,11.12922857829255,A,Y,class_2
101,45.79354677234641,15.518723109031553,7.293845336927469,A,Z,class_1
102,46.572854834732304,40.44187352390364,7.391010756175917,A,Z,class_3
103,41.977227307783814,29.302051859224132,13.376304353244308,A,Y,class_3
104,48.387142883339905,35.54091408368758,6.431764321398017,B,Z,class_2
105,54.040508568145384,24.800470364372345,14.92801885976789,A,Z,class_3
106,68.8618590121053,33.063869525312846,7.298137796056394,A,X,class_2
107,51.74577812831839,24.73292218413172,11.91517577682515,A,Z,class_2
108,52.57550390722764,26.881155196520975,9.014144572753047,A,Z,class_2
109,49.25554084233833,39.570156769333934,11.80956229324703,B,Z,class_3
110,30.812287847009586,29.046587996183266,8.367657993657422,B,Z,class_2
111,49.73486124550783,31.087164365898616,9.511621281783118,A,Y,class_2
112,50.60230209941027,34.35033865344377,10.122757526187163,B,X,class_1
113,74.63242112485287,32.47840943986302,6.993437632655581,B,Z,class_2
114,48.076390352188774,30.752094525717883,12.222473036260377,B,Z,class_2
115,53.015473423336125,31.824805012331126,8.460359300585244,B,Y,class_1
116,49.65288230294757,42.01707792619138,9.314200253979944,B,Z,class_1
117,38.31321962380468,29.711906014832074,7.016951876174463,B,Y,class_3
118,61.42822814515021,31.005495233574837,2.3129990236140685,A,X,class_2
119,57.51933032686774,35.25327198003806,9.426916712199493,A,X,class_3
120,57.910319470430466,35.52762966478992,17.237846264838748,A,Z,class_3
121,40.90612545205261,35.9351515278019,12.353812863694072,A,Z,class_1
122,64.02794310936099,33.19365111014592,9.942218860796816,A,Z,class_3
123,35.98148937207719,24.284975436347583,9.211327512375197,B,Y,class_2
124,55.868570938002705,38.16715766150548,10.067397678436139,A,Z,class_1
125,71.90455625809979,24.26827303490656,11.64135734552563,A,Z,class_2
126,40.09463674869312,31.513177326195166,6.457561554073465,B,X,class_2
127,44.33702270397228,26.22862074990321,13.342965084006616,B,Z,class_1
128,50.99651365087641,29.679308267035037,12.146143946323733,A,X,class_2
129,44.96524345883801,31.643812051517404,12.154557177123804,B,Z,class_1
130,34.493365689338674,31.606786077251364,11.315427216429182,B,X,class_2
131,50.68562974806027,32.109603771176424,10.05884997308197,B,Z,class_1
132,39.37696286273895,38.06855634529324,12.01858370790046,B,X,class_3
133,54.73592430635182,32.2676715075699,11.775442401224133,A,Y,class_2
134,40.805757657661964,28.779216823546758,8.937877867176928,B,X,class_1
135,65.4993440501754,34.820435841441785,8.279194681309297,A,X,class_2
136,42.16746707663763,35.947352444623206,10.30556888578596,A,X,class_2
137,46.77938483794325,23.86196092431504,14.647060454485562,B,Z,class_2
138,58.135172173696695,32.98700034924929,6.282678773038297,B,Z,class_1
139,37.69135683566045,33.50586371155449,5.59742420274268,B,Z,class_3
140,52.27459934604129,28.51218248320004,10.49428252370955,A,Y,class_3
141,63.07142754282428,36.878534066558096,10.152663105568054,B,Y,class_3
142,33.92516765438772,29.249722064837364,10.520024993111225,B,X,class_1
143,51.84633858532304,30.627882267357712,10.7318595937255,B,Y,class_3
144,52.598827942484235,29.13464087858065,9.330393236095585,B,X,class_1
145,57.8182287177731,30.077895237907338,14.469590315806247,B,X,class_2
146,37.63049289121918,24.51862456552399,5.197288064570453,A,X,class_2
147,36.795433869157236,22.79974558702853,7.514508925659262,B,Y,class_3
148,55.21941565616898,37.97252531612486,9.690235719552858,B,Z,class_1
149,52.96984673233186,25.76519325840836,5.070433566537499,B,Y,class_2
150,52.504928503458764,25.043038252718464,9.472436786703787,A,X,class_1
151,53.46448209496976,19.233049431981428,14.984410497184054,B,X,class_1
152,43.19975278421509,26.805191261552487,10.062659464887885,A,Y,class_2
153,52.322536971610035,23.384551032962506,10.69210271715605,A,X,class_1
154,52.93072473298681,38.21007580068184,6.219505704482259,B,X,class_2
155,42.85648581973632,35.04908544671317,8.150915775881568,B,Y,class_2
156,68.65774511144757,26.559248274111383,8.874410859028188,B,Y,class_2
157,54.73832920911788,41.26217902672154,9.046854709731297,A,Y,class_1
158,38.08696502797351,34.90882743495797,13.844931385011305,A,X,class_2
159,56.5655360863383,28.37584308245689,11.673073182175374,A,X,class_1
160,40.253183297726785,17.502971425632136,6.6656261291889045,A,Z,class_2
161,57.87084603742452,41.454712862953706,10.739514335296015,A,Z,class_2
162,61.58595579007404,23.05213766618202,11.494665245490355,A,Y,class_3
163,41.7931768164829,21.773006265215542,13.4204471155638,B,Z,class_3
164,59.63376129244322,35.1128521600482,14.74162205970512,B,X,class_3
165,54.12780926936498,42.19876203169636,6.954717424516394,A,Z,class_1
166,58.2206015999449,36.921364092552594,7.5674274663689856,B,X,class_1
167,68.96792982653947,32.8195456002618,6.227266423256151,B,Y,class_2
168,47.54611883997129,32.97377170832643,9.297940422679057,A,Y,class_2
169,42.4626383564251,34.267077793901535,11.399075123339003,A,X,class_2
170,41.10485570374477,33.79464294893383,12.962003549767307,B,Z,class_2
171,41.841897150345616,31.405957119846878,9.772146929072433,A,Y,class_1
172,49.228982905858956,30.52100551975938,9.040457430235469,A,Y,class_2
173,53.411519748166434,29.687034360502388,10.455273976746222,B,Z,class_2
174,52.766907993300194,26.23017705566662,7.494571295109931,A,Z,class_3
175,58.27183249036024,28.59662461566613,16.26861616508432,B,X,class_2
176,50.13001891877907,21.535215929023074,5.177016918645824,B,Z,class_2
177,64.53534077157317,29.50830186602625,10.554221736687174,B,Z,class_2
178,47.35343166762044,25.05704446424541,16.070818657688918,B,Z,class_1
179,77.20169166589619,24.482053413921143,10.020399533679994,B,X,class_3
180,56.25667347765006,30.899470755767393,9.429882894995517,A,X,class_2
181,41.42842443583717,36.960011431723,8.92766373156872,A,Y,class_2
182,39.29107501938888,34.59158303001156,9.458824954712776,A,X,class_3
183,54.824724152431855,22.147496981884114,14.118545424029591,A,Y,class_2
184,47.76537214674149,25.051859317148313,3.3644142660114795,B,Z,class_1
185,57.14000494092092,34.70385593994108,14.600301103888977,B,Y,class_2
186,54.73237624573545,25.087563032308452,5.728128542649564,A,Y,class_1
187,49.271710873431275,28.876834250014877,9.200043012296756,B,Z,class_1
188,41.532062819315954,32.75026049512276,8.712266739104015,A,Y,class_2
189,34.851527753141355,25.158277725681824,11.76565980931216,A,X,class_3
190,45.53485047932979,30.5268775307298,5.205626944348757,A,X,class_1
191,58.56398794323472,23.329872525408977,11.386517998245829,B,X,class_3
192,52.14093744130204,26.99316178024393,16.072928869860558,B,X,class_2
193,37.54261221288012,31.598909670712686,5.910477986221569,B,Y,class_1
194,51.73180925851182,22.035031332341653,10.569118502831188,B,Y,class_2
195,53.85317379728837,32.202373689801995,8.014053466610173,A,Z,class_3
196,41.16142563798867,29.901811005366593,11.277661618579108,B,Y,class_2
197,51.53725105945528,32.76244977208574,10.057443332247257,B,Y,class_2
198,50.58208718446,31.119570670323306,8.075539272867072,B,Y,class_1
199,38.57029702169377,36.82070214986922,11.463616854613221,A,Z,class_2
200,53.577873603482836,30.626122513239537,15.413044329360229,A,X,class_2
201,55.60784526368234,27.852972294373735,9.427288624818104,B,Y,class_2
202,60.83051243175277,30.611487515161418,12.159273826444545,B,Z,class_1
203,60.53802052034903,32.71649014518194,6.120181126386509,B,Z,class_3
204,36.22330632042909,30.24430035162852,7.130690869545973,B,Z,class_3
205,40.62174960084877,30.202958456019413,11.417218833641131,A,X,class_2
206,55.1503526720866,26.490041560966223,14.452348085607895,B,Y,class_1
207,55.13785950912209,26.68549541224526,11.06684004635698,B,Z,class_2
208,55.150476863060476,22.986973641001534,9.060825908430537,B,X,class_3
209,88.5273149065472,38.7478837159347,9.997874216270063,A,Z,class_1
210,55.70890510693167,23.780683823043574,6.248776798090848,A,Z,class_3
211,61.35565640180599,26.53547401102046,11.8135459790661,B,Z,class_3
212,59.54001763493202,26.40796367215401,12.646999186970227,B,Z,class_1
213,56.51391251305798,34.474621884722204,8.643729001500759,B,Z,class_1
214,46.84730755359654,28.52525160853986,8.589873556721496,B,X,class_2
215,57.589692204932675,36.23871036336867,10.797634688956146,B,Y,class_2
216,42.27174785462428,26.63254687878066,8.689840791878213,A,Y,class_3
217,47.63181393259991,31.39497081111901,9.801602156122533,A,Y,class_1
218,45.14636452170897,25.823264733701212,16.299165367499548,A,Y,class_1
219,50.81874139386323,40.72574563886694,9.25892289776201,B,X,class_2
220,73.14658566673509,24.062007904852436,8.924979543936333,A,X,class_3
221,31.32734807408252,31.549103551135136,8.057374583094521,A,X,class_3
222,56.86260190374514,33.168884404660496,12.23257591449981,A,Z,class_2
223,33.87284128810348,32.06899548725749,9.45632748034569,B,Z,class_1
224,45.280681342105666,29.073561705611457,8.051880885035722,B,Z,class_2
225,60.889505969673664,29.35089650133287,13.963912096819037,A,Y,class_2
226,50.64280019095463,30.219057359895547,14.258809013540912,B,Z,class_2
227,39.22255222070694,29.264989991857558,8.198729302783885,A,Y,class_2
228,42.84696290740032,34.81939558397455,4.4003801459181515,A,Z,class_1
229,56.79597748934676,41.05261500795676,13.022541069510766,A,Y,class_2
230,42.69633368282863,27.212541074960832,7.946110522719988,A,Z,class_1
231,52.16458589581975,23.15098510210461,12.371876797488305,B,Z,class_2
232,50.45571839903814,29.558589758243727,4.089688546864493,B,X,class_3
233,43.48399652394183,42.898546688271594,12.677792014897928,B,Z,class_1
234,71.43944089325326,25.981627160151348,6.366484212157657,B,Z,class_3
235,56.33919022318011,38.195584027220335,12.192292357199573,A,X,class_2
236,29.74857413342393,38.388504070382204,10.042819203509302,B,Y,class_2
237,51.86454314769428,27.232058791460027,7.138181741810065,A,X,class_2
238,43.38213535231612,32.84491539592638,8.778891061219658,B,X,class_1
239,58.52433334796224,38.14198311564269,12.058955370870102,B,Y,class_3
240,42.07479261567299,28.104361295062564,10.317683359345702,B,Z,class_1
241,48.85263558533101,28.982098199488192,11.753238941417454,A,Y,class_1
242,55.049872789804574,27.09159543025678,15.929321753546457,A,Z,class_2
243,58.657551941701215,24.926216346535664,5.307275164866846,A,Z,class_3
244,37.99703592944224,26.753612274669965,14.851637724905872,A,Y,class_2
245,46.654987641590516,23.880298666188718,10.313067812569638,B,X,class_1
246,45.25054688839044,30.17041734129613,7.303647855030615,A,Y,class_2
247,43.46670767426288,26.150133844706794,6.009059122783031,A,Z,class_3
248,67.65454240281097,31.16892955895374,9.4326388276689,B,Y,class_2
249,54.049817109609556,22.220521768981865,12.764950335773378,B,Y,class_3
250,37.39116045664955,31.654401161072286,9.617352638867397,A,Z,class_3
251,59.17861947054776,34.16764480804462,14.533464790742043,B,X,class_2
252,71.22156197012633,20.031321787142723,5.646472929845324,A,Y,class_1
253,60.32465260551147,31.87028284923786,9.963733156461837,B,Z,class_2
254,34.80630034045986,36.13834496236646,6.242819666760643,A,Z,class_1
255,45.15765927133749,23.951794906543974,11.090895647874904,A,Y,class_1
256,62.669111491866225,38.362861934188516,12.660662170291902,A,X,class_2
257,42.923305343812196,32.095095046830224,8.73771461895684,A,Y,class_1
258,54.43819428146229,26.474940721207957,2.1873584301185973,A,X,class_1
259,57.74634053429337,29.72115461171147,10.596844440389484,B,X,class_2
260,40.73069528421917,32.791634562608614,11.310215655200528,A,X,class_2
261,49.404746439382,30.380026957062057,11.212884264885092,A,X,class_2
262,17.587326599309275,32.693779962231844,13.707346575466463,A,Y,class_1
263,39.756123586657104,25.39663203460317,6.786838961052854,A,Z,class_3
264,47.4743184860684,30.84680412018039,12.040648316351348,A,Z,class_1
265,37.52216818035151,22.9314275154751,13.577522537433925,B,Z,class_3
266,66.32411303931636,29.4438696932565,4.6642372479804495,B,Z,class_2
267,35.69858622039367,25.480461792676053,10.958955477756932,A,Z,class_3
268,45.599555133030165,26.32235028705117,8.487460506976985,B,Z,class_2
269,51.30740577286091,36.18046587605219,9.755431980695063,A,Y,class_2
270,64.41273289066116,35.45655060297135,11.043029450615009,B,X,class_3
271,35.6413784882056,33.045690604535885,8.538314307659343,B,Z,class_2
272,61.63163752154959,24.538436176637106,7.972875762515165,A,Y,class_3
273,50.10233061019587,28.41795775152599,10.102457252464074,B,Z,class_2
274,40.18491348952049,36.06548849989592,6.738262183411592,B,Z,class_1
275,54.62103474263271,30.708584568199523,6.742524613344443,A,X,class_1
276,51.9905969557347,41.59664769990847,12.03811984886951,A,X,class_2
277,43.99783122841205,31.96658919697186,6.553617894524032,B,X,class_2
278,50.69802084990019,30.96024558245016,11.998937502727635,B,Z,class_3
279,46.1468640313824,28.454417678987493,11.387773878561854,B,Z,class_1
280,51.13517345251248,30.66770452391141,4.822579813628209,A,Z,class_3
281,56.62130674521046,29.237650818097283,7.967306042993035,B,X,class_2
282,65.86016816145352,33.54054338344295,13.582328209142117,B,Y,class_2
283,37.62184501173151,34.78351158397292,7.056503406580955,B,Z,class_3
284,71.33033374656267,26.070052697460252,8.606787213071836,A,Z,class_2
285,30.479122004774982,23.34383523221111,11.38618267975569,A,Z,class_1
286,48.482149049644164,20.818973134483517,12.350171527847786,A,Y,class_3
287,55.88317206484576,32.53995663456272,9.245383341866512,A,Z,class_1
288,52.809918677350325,24.483166969130632,8.207469415925075,B,Y,class_1
289,43.77300480179406,19.235547035237587,14.267109585095524,A,Z,class_1
290,47.918777496427246,31.942893022654822,15.216698991392736,B,Y,class_3
291,45.06999065341167,42.46499758716395,12.936574152345386,B,Z,class_2
292,44.106352430557884,29.969645442300532,10.255954427695071,B,X,class_1
293,58.49602097021025,34.19245387225821,7.575202835077221,B,X,class_1
294,53.57015485965047,30.409146792737825,7.508666780330304,A,X,class_1
295,43.070904047393455,29.505551734044285,11.567542315797272,A,X,class_2
296,58.995998754332504,34.59538241493884,11.255194662666051,A,Z,class_2
297,53.072995208766095,28.548627279056742,14.204795778839289,A,X,class_3
298,58.1286211883896,31.336961570359513,11.951350277608418,A,Y,class_2
299,56.29628841923612,31.608489030980067,5.490759094720545,B,X,class_3
300,41.710049890779274,26.659547731784755,13.155842853168755,A,X,class_3
301,44.39818959803031,34.960211747682614,7.005818118056761,A,X,class_3
302,57.472936051232615,29.125201216522957,8.848086184142945,A,Z,class_3
303,56.10370265433465,26.221274202535778,10.750600618755083,A,X,class_3
304,49.79098406035852,32.68254921785202,15.987002469351893,B,Y,class_1
305,51.17327383308782,25.507660091044812,19.329755668016084,B,X,class_2
306,62.77664895788425,30.140905786845643,11.820169177408548,B,X,class_1
307,44.0842861116417,29.95440501677898,9.450410143838836,B,X,class_3
308,55.470973811700375,35.42947782915789,11.603516945441651,B,Y,class_2
309,47.97807347566106,32.373491164399766,12.662966277621509,A,X,class_1
310,47.8231879677278,29.87486520627428,9.037997123328426,B,Y,class_1
311,60.987768519871906,34.08883149600143,15.385634067736966,B,Y,class_3
312,58.2541634898803,36.951037745086566,10.690212277574206,B,X,class_1
313,58.135096360006386,32.78905153175931,11.493229267274183,A,Y,class_1
314,63.05478807154329,30.051763099216902,11.997772756163384,A,Z,class_1
315,50.21003841632759,23.440818838249204,11.264759831843367,B,X,class_1
316,56.81952971294964,24.674431684623137,12.516821501408838,A,X,class_1
317,46.89733243406544,28.47387647822666,8.14824044035923,A,Y,class_3
318,53.24166352488442,26.952438989203586,8.325094738161908,B,Y,class_3
319,48.698569456323156,29.06514348507277,6.6995373010849155,A,X,class_1
320,50.96995964992718,30.283249624485535,11.318503691860679,A,Z,class_3
321,55.95157025436914,32.64846377178365,12.336809510536343,A,Y,class_3
322,41.81779316766527,29.647506109704544,11.373318598455658,B,Y,class_2
323,70.9238727568546,32.43250821913101,15.023477300042611,B,Z,class_1
324,39.93982618500298,30.3223720740506,9.98321194351286,B,Z,class_3
325,37.85811387212268,20.12266716823064,12.006224966777538,A,X,class_3
326,61.581108735000676,25.303323030906228,6.724897371582057,B,Z,class_1
327,57.91662693962936,29.279562221391924,8.838700892576798,A,X,class_2
328,56.24119817052155,23.95152628579446,12.086613272697333,A,Z,class_1
329,56.2834550926428,32.999643649981024,12.547306332229432,A,Y,class_2
330,49.87753227153085,37.65375416171849,9.118099157007453,B,X,class_1
331,41.02745628514168,36.09380925848658,9.785202244425799,B,X,class_1
332,50.75804558193726,28.93278564534896,5.446378759957572,B,X,class_1
333,43.22838288487888,37.45363068424976,8.928912397580172,B,Z,class_1
334,59.75119733417751,30.743337286010558,12.671149490559358,A,Y,class_2
335,48.52942618497861,28.314570144409803,11.7256150483197,B,X,class_2
336,41.745028032074885,26.9329866822953,11.50199716414363,A,X,class_3
337,46.78614158347006,28.487651567559357,10.14932106154288,B,X,class_1
338,54.12931454275625,28.059115907293855,10.02118947588453,B,X,class_2
339,44.36275447196025,30.85208111187744,8.019036581579659,B,Y,class_2
340,41.77779604433569,30.802869905249324,12.096485260607604,A,Z,class_2
341,52.436872114919126,30.015230100767074,11.26291883316817,A,Y,class_1
342,52.44966571108723,32.18469084873175,11.476056543978398,A,X,class_3
343,44.9305682462887,35.95323137393171,8.421895471997258,A,Y,class_2
344,45.289616943816775,34.74777067720662,3.539971240386267,A,X,class_1
345,52.32049937357636,22.575510157750482,13.291458135261086,B,Z,class_2
346,35.51915658502676,17.230394325490227,8.563487631974787,A,Z,class_2
347,35.92536225623445,34.67159955619637,7.411672707870638,A,Z,class_3
348,42.81555778747564,23.165606507922895,12.080436735741982,A,X,class_2
349,47.86552848288153,28.87617299053658,8.82396208024261,A,Y,class_2
350,53.10907565598004,24.149434869703203,13.179809152139866,B,Z,class_1
351,64.75356216949552,20.9900978120999,11.851017848730093,A,X,class_1
352,58.576596232020194,32.70731364102394,12.050707969601433,B,X,class_3
353,48.40061470036573,33.79577580151324,5.902132866398397,B,Y,class_1
354,49.80983792097311,27.1174479963664,13.635831956159201,B,Z,class_1
355,39.97470635362191,17.04478853927545,10.783751593701568,A,X,class_3
356,49.8148686400761,27.268777758737585,8.892168582261391,B,Y,class_2
357,47.113413610798624,31.959020027012734,10.430165402026754,A,Z,class_3
358,53.227185603380896,22.605442156129357,4.67129430130504,A,Y,class_1
359,41.727690564476774,30.91679959889578,11.225958434442013,A,Y,class_3
360,55.193465142411725,29.923450754135022,6.9118854754537855,A,X,class_2
361,65.32738913002578,32.89645749800544,5.941989142469397,A,X,class_3
362,48.91239851543143,30.597901842070765,5.432922441346326,B,X,class_1
363,54.01711722098941,25.13465529559222,13.338065124969775,B,Y,class_1
364,56.90143991711113,35.982857508322454,8.112209818921635,A,X,class_3
365,45.987795281141636,29.20735213486515,14.601183129749497,B,Y,class_2
366,52.24092481810417,29.86347730245034,8.392595610843106,A,Y,class_3
367,50.12592400781795,25.33366020463402,4.87792612722116,B,X,class_2
368,50.97676098548832,27.783588744042447,6.650426680154022,B,Z,class_2
369,42.26990216144534,25.575986429865495,13.707434860020816,B,Z,class_3
370,50.245101742589426,29.135269700382885,9.532305466189998,B,Z,class_2
371,54.979982912454496,38.558542400711715,8.355138110528197,B,Y,class_1
372,64.51143607795042,23.14049428534322,10.480054677558362,A,Y,class_3
373,59.59270826085207,21.932193010616295,11.505348208502635,A,Y,class_2
374,71.53182457511556,37.35585163746804,13.352196447707382,B,X,class_1
375,42.326524371119504,28.95338161424067,14.345497689678778,A,Y,class_3
376,58.723206367206785,26.654636306700418,8.920694062632743,B,X,class_1
377,51.83342005738352,35.199523436980385,6.021856941753884,A,X,class_1
378,71.89802933217672,26.97192230131568,8.759604516630173,B,Z,class_1
379,41.91701714644849,39.13004856773468,10.780841519748659,B,Z,class_2
380,41.60278157819224,33.38962935669635,7.108723221368168,B,Z,class_3
381,44.00607354555978,27.560442959271487,7.128547255314872,A,X,class_3
382,28.76104275690193,40.786541066327516,11.031363644649657,A,X,class_2
383,44.74244978319239,26.97142538498331,9.854042945288647,B,X,class_3
384,42.40867338446302,33.71047686004653,10.09839098623476,B,Y,class_1
385,51.50393786476208,31.49646290203246,7.724513995899792,A,X,class_3
386,53.41755975777159,36.50870644699399,9.308797857382698,A,Z,class_2
387,68.76170839215887,37.807555983634266,7.227300567195087,A,Z,class_1
388,59.5042383818605,30.160020745328833,12.67059523337436,A,X,class_2
389,44.23096344337597,26.232910648269083,13.105748004171257,A,X,class_1
390,41.01585328651642,32.29986071469558,4.4614364132857185,B,Z,class_1
391,54.919191715065054,26.61142315123947,7.21146741942277,A,X,class_3
392,36.797667929793576,40.066936237633115,5.510412234729763,B,Z,class_1
393,68.31458765854353,30.682676655413687,8.049928196779305,B,Y,class_2
394,61.79440120721287,28.173392243439455,9.749686090628918,A,Z,class_3
395,45.30824347895295,30.923401529324543,5.6510643409044095,A,Y,class_2
396,32.86865470909122,23.264368552351517,7.234420560624061,B,X,class_1
397,63.53872374165413,25.141929807446743,6.988127883755505,A,X,class_2
398,48.85460154747382,36.00206953972213,10.621801988196832,B,Y,class_2
399,62.378163119734616,26.71552860514302,10.208033011108752,A,X,class_1
400,34.05572341205633,24.7654450865903,7.83478733998824,A,Y,class_3
401,44.00624977046227,32.68326376263643,10.530462616418195,A,X,class_2
402,50.05243699718183,35.928520773314986,8.359959746238204,B,Z,class_1
403,50.46980593764742,33.594766553325336,9.18503466902184,A,X,class_3
404,45.49934528520756,34.98023842902908,15.020356270895611,B,Z,class_3
405,56.228499323474985,26.216024557152696,14.021383155371044,A,Z,class_3
406,39.32379570617405,22.89094666629078,6.101256289217207,B,Y,class_2
407,48.576205149787064,37.506668259777435,12.489197253637524,A,X,class_2
408,51.20295631711899,28.38660080578932,12.434189663474776,B,Y,class_2
409,55.14438834058749,28.745834917724764,6.555210133742145,B,X,class_3
410,57.11614878088889,36.64097070924529,12.456332931264582,B,Z,class_2
411,38.75357908162131,32.7811500470033,14.613795755237659,B,Z,class_1
412,34.65885829264378,32.279438860408035,6.632365581266758,B,X,class_2
413,62.77676821898509,40.82501172450542,7.2474915369572095,B,X,class_2
414,53.323140119795916,26.782408848099283,13.052984400530507,A,Y,class_3
415,42.51513463443446,34.63920064040619,10.814485932476943,B,X,class_2
416,65.51151975522522,30.285065624485423,11.65442882571857,B,X,class_1
417,51.156746342928585,31.342961394316287,11.02176764920149,B,X,class_3
418,61.792971840638266,37.64234213206266,11.172087762784432,A,Y,class_1
419,50.67518481410109,32.53917878144812,6.0205836150667515,A,X,class_3
420,70.60747924881987,32.69148039524816,13.141953119864345,A,Z,class_3
421,67.55340842443205,35.362536686549014,13.50876997728332,B,Y,class_2
422,47.51035851520926,28.175236352285573,9.311827767795917,A,Y,class_1
423,59.71570950954355,25.803951663304968,9.869569150558412,A,Z,class_3
424,56.45375949585148,24.775954029894834,5.4066774923328325,B,Z,class_2
425,63.68631557532348,20.168217053119992,11.542764268053505,B,Z,class_3
426,40.35076539419896,40.28103564970161,11.716172325142432,A,X,class_3
427,56.86051459998439,24.483958171391585,9.813426949002068,B,Z,class_3
428,60.58424486849588,28.89373188207114,13.373060079611507,B,X,class_3
429,32.41260513576886,28.615933500555396,8.997768307060179,B,Y,class_3
430,38.16741487334225,31.537033489045502,11.6938177776808,B,Y,class_3
431,29.607678222398995,34.078686062696484,6.9410069839236535,A,Z,class_2
432,47.305931655554424,34.30236744179873,9.929343547377286,B,X,class_3
433,57.17542255795962,27.084612807155306,9.476937226291492,A,Z,class_1
434,65.02357052096028,29.164391431067944,10.675923766122825,A,Z,class_2
435,50.74094780419775,31.412899752441497,8.891419213499924,A,X,class_1
436,66.28615545571292,28.756544369082263,9.605582212984997,A,Z,class_3
437,36.198985417851084,38.03672788009996,12.47814151432452,B,Y,class_1
438,32.96617560644845,32.45487475819126,8.689707288285348,B,Z,class_3
439,49.44452301103381,33.67438893024909,5.180268697783962,B,X,class_3
440,53.840654489393074,33.31440634333706,15.248751712616261,A,X,class_2
441,49.67305251905907,35.86736928742663,14.14436223607146,A,Y,class_2
442,29.325578999601234,30.905107793518535,6.123211914683144,A,X,class_3
443,49.10879960487212,23.515840260220767,12.069123415735582,B,X,class_2
444,36.95530499495147,31.998439758763208,8.49107568834597,A,Y,class_1
445,56.69672548830039,26.743215531040853,10.79046164599318,B,Z,class_2
446,53.665982460968486,27.356916591251217,10.882672387040481,B,Y,class_2
447,40.60120213672645,32.931820093775464,9.296776599051034,B,Z,class_1
448,44.861330826633065,36.191415357168175,7.6487030032408105,B,Y,class_2
449,39.40786478111048,30.106357883680307,7.928376843051222,A,Z,class_3
450,49.37320902726828,31.544165062994818,7.251424253556273,B,Y,class_1
451,59.551423205012384,38.511074723176186,7.504533375308666,A,Z,class_3
452,40.14273953664456,31.203765897442842,9.798465129851934,B,Y,class_1
453,55.040465155178445,43.008415570901974,7.852720032667745,A,Z,class_3
454,44.697423816275595,32.827548228157724,12.04615619713786,A,Y,class_3
455,42.07127167737656,21.19618620422091,14.461738466007782,B,X,class_2
456,48.929696400454425,33.76670810552266,8.259840275889871,B,Z,class_3
457,39.64757677580626,31.90579192441389,10.718213501606131,B,Y,class_2
458,44.46350694652818,36.44876377041373,11.499055330908803,A,Z,class_1
459,38.021221074111516,33.365906756349794,11.416006812757823,B,Z,class_3
460,69.6472513291639,29.307720080081133,10.227865803748262,B,Y,class_3
461,50.35263551971729,23.878508818553172,12.228047255079167,A,Z,class_1
462,43.00274492007414,28.954883713569874,11.446746858041971,B,Y,class_1
463,52.13979910734222,25.7473977289535,6.2870127330181065,A,X,class_3
464,48.87671950309171,27.097382750976386,12.60746819316782,B,Z,class_1
465,47.790304004667775,32.942892022103045,12.661872511800226,A,X,class_2
466,56.14166700043425,38.34952252175703,7.710141687464255,A,Z,class_1
467,57.57507710047305,31.973357649114906,10.113813506342806,B,Z,class_1
468,44.69498852389472,24.020584689824076,12.049986978433209,A,Z,class_3
469,44.2418175935532,32.2230133411007,9.372058541261914,B,Y,class_2
470,47.24948302848356,35.98315743322826,13.218934143298036,B,X,class_1
471,26.98078835264415,26.95108547840309,17.091617483858084,A,Z,class_2
472,34.84808937801448,29.32991416663541,7.642041902095053,B,Y,class_2
473,63.66874267444524,30.073440973645987,5.856866190538676,A,Z,class_2
474,66.44967713501283,26.0755084345888,10.911455786814628,A,Y,class_3
475,47.50963960443622,33.24140216921929,12.16468751537843,A,Z,class_1
476,55.765569630557664,29.395259256961094,9.307400878465693,A,X,class_3
477,53.112501545435364,32.09766221953514,14.359781989963103,A,X,class_1
478,80.78880808455237,25.562539110989498,5.984182600830254,A,Z,class_1
479,61.195749114345766,27.812708498382946,12.078755869094833,A,Y,class_3
480,48.72082408519233,33.61190678913886,8.18241753772332,A,Z,class_2
481,40.44459559399574,28.135834239541165,15.15813371862189,B,Y,class_2
482,33.93553679742428,38.63481925616703,15.977546059504355,B,Z,class_1
483,52.03463635867223,28.001819071926988,7.7000302366499564,A,Y,class_3
484,42.436492547156966,31.12342362875943,8.35132859227426,B,X,class_2
485,35.77746290402326,34.66295415936545,12.578763660939405,B,Z,class_2
486,43.534271157574736,22.908171335334842,8.838608050631457,B,X,class_1
487,39.18451996385605,21.19595594009612,9.863766346203285,B,X,class_1
488,66.87141635072565,22.371718427149528,10.07616526162723,B,Z,class_3
489,58.816397569494505,36.31292051713591,4.240980531407031,B,Z,class_1
490,49.92027358683383,27.240709270537767,9.958486761717289,A,Y,class_2
491,64.79944138890026,42.79099642834126,7.930816677807478,B,Y,class_2
492,50.77368307647618,27.178762006713058,8.520631532800683,B,X,class_2
493,41.38715798671736,30.922756515985185,14.330896010406443,B,Y,class_2
494,65.23124077269657,37.71054976283938,6.2304793171622315,B,Y,class_3
495,55.38910043684659,40.03046444079561,12.439615560243931,A,Z,class_3
496,39.62753845673544,40.30751788318199,9.163111209004574,A,Y,class_1
497,48.09661321916392,36.04183115296571,9.160719494512497,A,X,class_1
498,41.24381746615243,35.12031262905731,12.371115688155134,A,Y,class_1
499,36.172002690356635,32.96263474600592,11.020153883706671,B,X,class_3
500,59.26177547531641,33.89180538083319,11.711838991658594,A,Z,class_2
501,69.0941664047013,27.244071418357333,12.904553981598584,A,X,class_1
502,36.01432426180859,25.909005582888465,9.006074850450032,A,Y,class_2
503,55.62969236690571,29.98312771294524,8.163289796476748,A,Z,class_1
504,43.49357430878173,29.149076887375358,6.7445484203266055,B,Y,class_1
505,45.12874616235304,27.733859753363625,7.523768410063134,A,Z,class_1
506,44.07606075761131,33.481937237283574,18.847283275926177,B,Z,class_1
507,41.36009230320184,34.77652604285255,13.73403874221036,A,Y,class_1
508,50.48521627944827,30.442034431459238,5.9467769013759355,B,Y,class_2
509,41.69049883588962,37.38765040527631,6.032626129769289,B,Z,class_1
510,52.704568257798385,24.291554429332475,11.445598185155474,A,Z,class_2
511,49.49761890550863,29.03170270360141,11.641794392133901,A,Y,class_3
512,47.6105195313359,26.415888396985974,11.646651505952093,A,X,class_1
513,40.92436337958402,20.6673169146347,9.235132619338906,A,Y,class_2
514,44.23228669431667,29.586596570786504,9.623637219991299,B,Z,class_3
515,57.55391225825756,29.39126245808358,10.983638572478073,B,Y,class_3
516,55.009171876243805,37.567248716210656,10.25767901887999,A,X,class_3
517,40.22444755201449,33.154058422773886,3.3420988817573947,A,Y,class_2
518,50.99332305429226,24.879065878353977,9.310601108274419,B,Z,class_1
519,57.51387123371789,39.27046283167094,7.445780697219059,A,Y,class_1
520,33.305947188786284,36.10516847762676,10.525634256725537,B,Z,class_2
521,55.43360192379935,32.910488517343076,18.95577700781023,A,Z,class_1
522,43.37376241054153,28.86757950575084,11.102444996422912,B,Y,class_2
523,55.70598668593159,25.202803816382602,9.059410941482806,B,Z,class_1
524,42.367408434574834,28.138966119644735,12.765404505931757,B,Z,class_3
525,31.95117899335481,35.443743098520926,11.448063661627637,B,X,class_1
526,33.72457562116837,39.42293152967304,11.260283471355525,B,X,class_2
527,50.48084946661382,37.71621764136094,11.820551779647014,A,X,class_2
528,52.59722501721482,27.55575289106863,16.169630694488625,B,X,class_3
529,40.956833748955916,24.401912833554945,6.607334694022253,A,Z,class_2
530,56.38592458777374,30.70443123455602,11.420896230434364,B,Y,class_1
531,33.3847993773104,21.15780317218574,7.220856610055384,B,Z,class_1
532,49.33920201352684,31.615838570923906,11.666537939026744,A,Z,class_3
533,37.889838002375434,29.261987068506656,7.2439404655417166,A,Z,class_2
534,43.48163892197841,27.66981749065879,8.747899559184747,A,Y,class_3
535,50.47398671316414,22.02648466366602,9.114730257286281,A,X,class_1
536,41.39586634716048,32.568000532848586,12.927450158034127,B,Z,class_3
537,46.154444557701744,27.336495801690443,12.755363331827242,A,Z,class_2
538,60.0629280921444,24.15041582144856,6.262847870660846,B,X,class_3
539,44.231081304768516,15.638688933591753,10.164802332999546,A,Z,class_2
540,58.35692112065142,29.862425474746818,7.8712604357524825,A,Y,class_2
541,38.702931453423815,38.86125798334872,6.224485267973996,B,Z,class_1
542,55.298041779152825,38.30629607273935,9.348948848726888,B,Z,class_1
543,64.41568620657901,27.71451871706864,9.074551634632542,A,X,class_1
544,25.283554998727105,26.988939698191096,17.28014945903657,B,Z,class_2
545,42.03104744529523,32.34387128037512,11.298879476082089,B,Z,class_3
546,55.7707212718054,25.008072804058543,5.867147497737288,B,Y,class_2
547,47.96954613957007,31.50895949909733,8.305677987487174,B,X,class_1
548,53.71145873371309,33.83040139192345,13.064149886288195,B,X,class_1
549,43.960148132841795,36.13466611942154,16.265328318609775,B,Y,class_3
550,50.865897874729,29.499229617600236,5.2420500632861255,B,Z,class_1
551,48.44322764607921,28.98163124911517,4.360226844582865,B,X,class_1
552,61.677820616598076,25.610087066217194,15.612895526115347,A,X,class_1
553,52.54420843301213,25.8655982298007,11.168842532112711,B,Z,class_3
554,53.37602662075202,28.867605540492367,7.3951218043709,A,Z,class_2
555,45.881230338775325,31.83682753408089,11.603887258367307,B,X,class_1
556,45.123937759275066,34.567923131166246,2.0927567829493667,B,Z,class_3
557,45.67441812180379,25.984105246598276,10.010126519791482,B,X,class_1
558,53.944521423782966,37.46344284479761,10.983463518529256,B,Z,class_3
559,45.79015519179737,28.644381994787157,12.772810418613489,A,Z,class_1
560,52.897748568964126,29.89316352825782,6.958312143122387,A,Y,class_3
561,70.75400798645438,26.263941604260882,10.257061484210077,B,Z,class_1
562,58.711247034316926,17.878798698635293,7.2237261218212385,A,Y,class_2
563,46.73976467832159,34.42022698180525,10.766151267022952,B,Z,class_1
564,62.01213922163945,33.684219485462165,7.313961032910927,B,X,class_3
565,45.91924626978449,28.593362214408934,8.775697482519337,A,X,class_1
566,29.61875464822146,30.33495358612436,7.012553815629313,A,Z,class_2
567,39.91913689082596,32.5796960885205,11.953408725470972,B,Z,class_1
568,31.292080789741444,22.187270715567287,12.575353349969996,B,X,class_3
569,46.48486515958691,27.354736613268525,9.29613829012776,A,Z,class_3
570,50.184183791895514,33.971323398109135,10.114713984880085,B,Y,class_2
571,66.76437312275283,23.728552884153753,5.654225756099367,A,Y,class_3
572,53.269273737641626,31.467789660833148,9.100970055979639,B,Y,class_1
573,47.80899471191136,23.217090976882975,9.849386148874766,B,Y,class_1
574,58.294055811834895,32.33214991216763,17.862379273089925,A,Y,class_1
575,27.88864690992115,29.821792588512583,6.664098922677509,A,Z,class_3
576,52.35614558108566,21.924340920472453,14.392531716257313,A,Z,class_1
577,57.70865193886967,35.82369677228586,12.990576320397423,B,Y,class_1
578,35.214137542201584,26.327042116009753,10.841909213470409,B,Z,class_1
579,61.43754043206929,25.948737814928098,15.2758614525854,B,Z,class_2
580,53.38496407494414,31.002845986154714,11.116316417820588,B,Y,class_3
581,45.847120860991986,35.743186747143575,11.167477587003786,A,Z,class_3
582,56.32781866106285,24.920890905108017,9.840638040947365,B,Z,class_3
583,72.70692857804396,30.30839924923986,13.670706647255882,B,Z,class_2
584,51.81866255058495,32.14408250165287,13.289407701432651,B,Y,class_3
585,52.48220586300336,33.46552803631572,8.122968137511362,A,Z,class_2
586,45.40639100459756,30.882207776386124,6.042258416203698,B,X,class_2
587,41.50155630535208,28.164860804583387,9.391058087813029,B,X,class_3
588,58.303358165442454,25.862048896756402,7.599884306807061,A,Y,class_1
589,41.43916174091133,30.430719415231874,9.809426276153935,B,X,class_1
590,50.715662372193925,24.639304940071966,13.712314404052417,B,Y,class_3
591,45.223425532348834,15.393247582526964,8.62809503473963,A,X,class_3
592,54.78979825746392,32.18279902078834,9.871529856065276,B,X,class_2
593,53.33662105286948,34.519674205430974,10.174068204425186,B,X,class_3
594,60.375399442578995,18.18533782229081,12.545292646615854,B,Y,class_2
595,44.89983601145253,24.95134647645031,3.2593319980461843,A,Y,class_3
596,47.30125064706629,33.09577130502599,8.17989911570411,B,Z,class_1
597,40.21236284217693,40.2874773485585,10.633851076838418,B,Y,class_1
598,45.55706739923889,30.10396853837704,13.600236869280584,A,X,class_3
599,53.77300493044852,26.35998529385433,8.524292657481384,A,X,class_2
600,57.56988616645352,29.0855177944758,4.370341881874378,B,Y,class_1
601,40.77834675822375,36.87438209574093,11.859134337898409,B,Y,class_2
602,58.6960592010566,26.770179104377323,8.093912833523111,B,Y,class_3
603,63.55637858804951,26.00403996674873,6.431000022728917,B,Z,class_3
604,54.13434903223701,27.58628238908984,8.126963830860328,A,X,class_1
605,68.76795812558066,25.233356958706437,9.446423927032452,B,Z,class_3
606,42.26210800896427,30.613351579973976,8.185766006385363,A,Z,class_1
607,37.55345296688583,38.1233922923478,3.3833018287027925,A,X,class_2
608,32.212797510957216,31.615396365580146,12.691198590661397,B,X,class_1
609,64.96044311489183,28.738232489368563,13.824625123836167,B,Y,class_1
610,56.54365656354058,28.54094365542228,11.954565974018518,A,Y,class_2
611,49.44415329089545,22.184045956516716,6.58694298872555,A,Z,class_1
612,52.799686263198204,34.415548885735795,9.395525398157446,B,Y,class_1
613,38.74510952701623,29.61081401493599,9.980436054311626,A,Y,class_3
614,74.45751979616827,29.09760043204687,11.79638316868573,B,X,class_2
615,51.292211819752275,45.965537839224304,12.005021466154243,B,X,class_1
616,51.09394794604893,31.49376454182843,7.797478603664513,A,Y,class_2
617,57.25766623898692,26.24104474952408,10.245986669240681,A,X,class_2
618,54.81009231736713,27.868212018972283,11.371841213845723,B,Y,class_1
619,52.23884024279131,35.74222854598377,14.3674669664403,A,X,class_3
620,42.09525544554688,30.56635205268882,12.113519619474168,B,X,class_2
621,54.714683571359956,22.808610108413166,12.367170062126556,B,X,class_1
622,68.82024496475033,34.596144672876015,10.251479883788083,B,X,class_2
623,63.454200461549775,26.65927957230503,14.231377435610511,A,Y,class_3
624,65.93186626639397,39.366488881087726,11.229288387878492,B,Z,class_3
625,44.887843235688145,35.40024032857324,7.416736269479289,B,X,class_3
626,40.10395179741419,27.763390521706246,14.210109910375571,B,Y,class_1
627,48.74213079900352,36.40508180867556,12.093709817617082,B,Y,class_1
628,50.557249122886944,30.339277552637018,8.670867936614552,B,X,class_3
629,60.94191518470949,34.263868375611096,8.56152109780227,B,Z,class_1
630,33.07535370285181,32.42366408647237,10.889726635422285,B,X,class_3
631,65.29550319460614,25.768216725045633,11.389554385802754,B,Y,class_1
632,48.419921014210104,26.78225083841269,10.59187679689362,B,Z,class_3
633,45.7311893005258,35.14980408790581,10.933926020328656,B,Y,class_2
634,39.87895624739832,28.326123339467294,15.099872123729142,B,X,class_3
635,33.451433281342304,27.981757683790015,13.214629456704657,A,Z,class_3
636,58.231705839619146,25.224387103253235,10.571906773795073,B,Y,class_1
637,50.73317967188404,32.11799532796731,12.82393174230245,B,Y,class_1
638,37.10039100258946,40.31262459621573,6.902428289417381,B,Y,class_1
639,37.049212279363836,24.662335428728635,11.193781149840428,A,X,class_1
640,46.64215300709872,30.12109728336379,15.42791904919933,B,Z,class_1
641,66.69021525289394,37.061102777077146,9.34586231382288,A,X,class_1
642,47.40408648636395,29.601793043771423,7.4570982141427455,B,X,class_2
643,34.96857046881894,32.26185898124867,8.043733334220818,B,X,class_3
644,47.54256935914056,24.688032359265602,6.7311008879728345,A,Z,class_3
645,47.2727643025233,32.141535486038244,7.64571427561689,B,X,class_3
646,23.031133570584284,29.064278674977256,8.888475704229913,A,X,class_2
647,49.45705133482188,34.928649978399314,5.783298942464074,A,X,class_3
648,47.69065469791322,35.936930257823754,10.04685500184881,B,X,class_2
649,56.96206364813418,42.94781821009307,12.706831521359941,B,Y,class_2
650,68.48956094945345,32.89816586606788,7.2767314595592385,B,X,class_2
651,61.26565029547757,31.628981582910832,14.557851770925307,B,Y,class_3
652,47.31111309445169,30.97192150788668,11.532376265582784,A,X,class_2
653,38.9347409125833,28.23416853594656,13.091741756872171,A,Z,class_3
654,75.7335980324986,31.692419217308455,8.02649633844359,B,Y,class_3
655,50.59218434014488,28.522992949304854,12.563575681199847,A,Y,class_1
656,50.13929291912946,30.84230488134807,6.724198298814061,A,Y,class_1
657,49.758749128899964,36.587987678039795,12.670742502509526,B,Y,class_2
658,51.980847607678555,24.967287173601793,10.515518019380593,A,Z,class_2
659,48.556395880760576,35.699392805645225,11.659753659954353,A,X,class_3
660,44.26337993119764,36.58557533669933,6.473216183125445,B,Y,class_2
661,44.53141058759608,29.409657365044605,7.314790473170186,A,Z,class_2
662,49.672467297840015,19.390725504957025,11.791684654760154,B,Y,class_3
663,44.56575228866235,26.960890064527838,7.154955987327398,A,X,class_2
664,42.871542173228356,36.484972732805545,11.38961887629737,B,Y,class_2
665,51.064302276918966,29.88565968850559,5.898586580619263,A,Z,class_3
666,47.45022782579145,25.003488838525445,12.544522638000004,A,X,class_3
667,65.03992988582688,27.47612539385891,6.302430055694472,B,Z,class_1
668,23.490301916069882,34.20310013252276,11.65689981303857,B,X,class_3
669,60.91506851922462,32.7336678410069,11.876892800938004,B,X,class_1
670,62.46085192497629,28.805339504151526,7.909684544711276,B,X,class_2
671,29.266097675918505,28.16587794092656,11.74607970125418,A,Y,class_3
672,46.57312405919651,28.04120925478089,10.781326790000668,A,Z,class_3
673,46.28559134004209,25.387949077507486,8.383474431421785,A,Z,class_3
674,35.92488305282179,38.07687844734721,6.974335947771376,B,Z,class_2
675,42.22183312409125,28.3883976539433,4.112122924982263,A,X,class_1
676,38.894241545341714,36.085792604127484,11.04895014189908,A,Y,class_2
677,67.52270443423623,37.60658025961226,5.305591685913835,B,X,class_2
678,59.35678393147461,34.9915544907398,10.286032598323924,B,Z,class_3
679,62.71555094994159,27.841898436409757,9.209655351753252,A,Y,class_1
680,57.21672064043235,32.018650451683044,12.037428326314586,B,Y,class_2
681,38.70948228782771,29.879021968045418,9.093863501530407,A,Y,class_3
682,44.75479733720226,25.481490696349358,9.011656640958726,A,Z,class_2
683,54.89374561227918,31.621796408608017,12.195612112864886,B,Y,class_2
684,37.778721911080545,24.104801044200986,11.005174087252353,A,Y,class_3
685,57.12998430172388,35.93839694230782,10.948467871548335,B,X,class_3
686,47.59674601841865,27.676913513508033,11.40780276942558,B,X,class_1
687,46.251791924504026,31.005798279364196,5.393283630378683,A,Y,class_2
688,57.10959968203492,31.41643935773071,12.270366039960946,A,Y,class_3
689,54.4426331148604,28.705475131479613,11.837406382040808,A,X,class_3
690,46.3903383418092,32.933469007376374,6.9499506142705085,B,X,class_1
691,61.59329803364248,27.62548171688738,9.267758578977396,A,X,class_1
692,39.189366724001026,34.35648648728622,9.882078137117107,B,Z,class_3
693,56.15935606944264,23.270101598766257,9.596509646794802,B,Z,class_1
694,55.93101257968384,30.63189789773206,11.001579899705604,A,X,class_3
695,46.904535606860094,39.694644995291426,14.29410034549355,B,Y,class_2
696,53.26133022242118,24.998343376972127,13.245300183018486,A,X,class_1
697,37.488864236146966,26.611275147375743,6.063342419705782,A,Z,class_2
698,59.24027019206901,32.569539248294575,11.866209970918145,A,Y,class_2
699,48.15097863557011,30.89790890969799,13.986799958606229,A,Z,class_2
700,44.772769794809605,31.753150496367795,11.160425562067608,A,Y,class_3
701,60.49009225836889,32.44593565073832,13.272941275557901,A,Z,class_2
702,42.95656309457241,33.17360734280885,16.036811337102296,A,Y,class_2
703,35.9153870363644,35.54849920978111,13.071128638320944,B,Y,class_2
704,34.433708264760966,32.04909328464256,10.747925786925187,A,Y,class_3
705,56.06009951345639,28.793711726907286,13.13526542225426,B,Y,class_2
706,37.19570647503717,33.362868506013655,10.434663499290673,B,Z,class_2
707,67.54794181984364,39.49940967447608,10.071709129854867,B,Z,class_1
708,29.18070592116278,29.33683126808713,8.945757292858803,A,Y,class_3
709,66.96456368290038,25.127353476646793,14.690240076496325,B,Y,class_2
710,52.11017467202618,35.53540334643486,7.544714002173996,B,Z,class_1
711,49.032868881296075,29.398094180232007,14.597103174034348,A,Y,class_3
712,44.550809131910505,19.13665226992982,11.499592371221114,A,Y,class_3
713,53.991361143520706,34.23710838575211,5.802081475594176,B,Y,class_3
714,49.62365297575152,27.323359070230385,11.102947878974264,A,X,class_3
715,61.03301882016522,29.547333588479198,3.699920477045128,A,Y,class_3
716,51.142276486620396,31.659901652845075,11.876524050493106,A,X,class_3
717,51.50301761461878,30.952498398895333,12.655694448966972,A,Y,class_2
718,46.36387787786144,33.547259085695195,8.22293213304384,B,Z,class_2
719,49.43054376278933,27.822568147150783,10.370643087866746,A,X,class_2
720,53.07801768892059,32.565528990880416,15.86247230125086,A,X,class_2
721,32.89831607343375,28.702266612080415,8.48275988721419,A,Y,class_1
722,36.518145778942866,33.694052404437514,6.823277238830198,B,Y,class_2
723,57.43264094022715,33.07683742006527,14.444990207387796,B,X,class_3
724,51.708654381279416,25.322806489777022,15.887761571592385,A,Z,class_2
725,48.16016663647321,35.42991058087516,10.011087015543541,A,Z,class_2
726,50.184339330653934,27.32018277442976,13.034389106225069,B,Y,class_3
727,53.47581705361671,34.040288991405724,14.024427746592643,A,Z,class_2
728,44.60240319690639,31.836436567006704,7.772547302384848,A,Z,class_2
729,42.216952745976876,39.190918383975614,8.544082493896395,B,Y,class_2
730,51.958452550976816,28.88267008814074,13.692623539464204,A,Z,class_1
731,40.21627222384968,28.253416019409013,15.055042836125528,A,Y,class_2
732,54.082527557144715,29.902901970561338,11.688642580523064,B,X,class_3
733,32.9741639576216,28.484101085828623,7.360556939493837,B,Y,class_3
734,60.291556373256434,33.99970950971025,15.961183335098324,A,X,class_2
735,54.72597482413043,21.91844695781706,8.407087306564106,B,X,class_2
736,52.56029734313876,24.731587904268228,8.994586656485644,A,Z,class_2
737,59.82690983945514,24.660985392104035,11.027013503468865,A,Z,class_3
738,66.65474444462576,34.75153795986788,14.662481262144322,A,Z,class_3
739,60.1437006501813,38.553066862909624,12.56192792965667,B,Y,class_1
740,31.591257686683548,29.477753907312643,11.244596501085732,B,Z,class_1
741,37.204230332642986,29.155891384049948,11.389865590354319,A,X,class_1
742,43.75181422304321,30.350260815565907,10.130544005930398,A,Z,class_3
743,50.26091050210834,35.80939151304095,11.674418543555518,B,Z,class_1
744,55.17659020469123,25.36323432904713,2.411319766917091,B,Y,class_2
745,42.742561868465344,31.191844913673926,9.110177622790605,B,Y,class_2
746,51.86766764477078,34.87598814891215,10.723965804750343,A,X,class_3
747,42.44617067646678,32.50547084969922,6.5469577491414785,B,Y,class_1
748,43.884821970080516,30.947908082993717,11.15896995343468,B,Z,class_2
749,35.93338903151778,35.005230462835705,9.386586337041635,A,Y,class_3
750,40.767667538890954,16.483838535003812,15.26642709494647,A,X,class_1
751,36.48315394383666,33.38937659765454,14.71905917564457,A,Z,class_2
752,40.241267470226674,26.72962158436288,8.602583292645512,B,X,class_1
753,60.536417966078396,20.846835515717714,9.547486865299915,A,Y,class_3
754,40.50601111168057,32.556012997624904,9.778157303174822,A,Y,class_1
755,76.32382064837391,36.86829272581479,8.645021571521132,A,X,class_3
756,54.93317900880889,29.31275742686154,10.58507495208438,A,Z,class_1
757,51.84836123694874,34.76437273601469,7.725153793337229,B,Y,class_2
758,41.41642219818787,38.06139128994323,6.608153995187421,A,Y,class_3
759,57.00309879408991,36.57457226792024,11.868133671700805,B,Z,class_3
760,44.24362173762226,38.199822646856965,11.888588752665433,B,Y,class_3
761,51.220098146453616,33.71063745535946,7.587052721020023,B,X,class_1
762,75.60084538268795,30.377168194507963,12.6860662922878,A,Y,class_1
763,49.0394010027535,21.990170940514158,8.105266812504006,B,Y,class_2
764,61.49273326285676,28.769687559350256,10.759495714113944,A,Z,class_3
765,42.96823574874112,25.783767023419042,12.461032037837368,A,X,class_3
766,49.65011509503038,40.854713587489066,9.899162305888861,A,Z,class_1
767,67.7080063563551,29.120570937838316,11.364222736423404,B,Y,class_1
768,43.730329422122324,30.61602403392243,8.450711068337284,A,Y,class_2
769,68.12448557996929,32.75742688020234,9.410600249715708,A,Z,class_2
770,57.07751935455475,30.218012231862268,9.38242170735898,A,Z,class_1
771,44.37533224105732,38.47525520215377,7.760264960379283,B,Z,class_3
772,56.32407739055521,26.88675319132774,9.469677510652653,B,X,class_2
773,59.7255444962673,30.973037276186215,5.35414510340876,B,Y,class_1
774,56.21809962217196,26.28764707150976,8.526538758573686,A,Z,class_1
775,34.297752801095434,23.39988744389647,9.145373519890988,B,Y,class_3
776,42.728628241751316,26.941154545473573,9.231460742513859,A,X,class_1
777,47.52481364448495,29.81481601475794,9.275507662387662,A,X,class_1
778,49.25566570899954,27.8534888774137,9.814707400419612,B,X,class_2
779,56.20672097550678,26.53789510063072,11.438324554258191,A,X,class_1
780,51.777010009332535,22.96841268164083,12.623551222397568,B,Y,class_1
781,36.64655641289899,29.584472136856526,8.050704319455198,A,X,class_2
782,53.801978510059634,22.476398129844988,6.390397433832566,B,X,class_3
783,56.10585745283823,33.80027981844801,6.873866763270691,A,Z,class_3
784,55.5979044793104,30.412198764672517,8.538391236415219,A,X,class_2
785,60.807807255546216,22.71224250267535,8.944236046550472,A,Z,class_2
786,58.33922154548904,28.453954614750682,7.690011801407628,A,X,class_3
787,54.59180079228437,26.239217972047083,6.111650007250317,A,X,class_3
788,49.29834288541353,31.5958725520959,8.631637517577435,B,Z,class_3
789,33.39039066484009,36.702252230115725,10.544279860341915,A,X,class_3
790,54.29618219132586,20.624137651771278,11.785088397506694,B,Y,class_3
791,52.076876871631114,30.575130395737087,8.327730840675036,B,Y,class_2
792,52.715788371953735,29.199336022166797,8.761006533569699,B,X,class_1
793,37.232514241796906,33.35670038225233,7.219905073458068,A,Y,class_3
794,39.189434595917376,31.065983141188447,9.905682488875671,A,Z,class_3
795,60.53152853332904,26.240153341305906,7.454714097427556,A,X,class_1
796,49.60444846143345,28.40473032166691,11.7193834397236,B,X,class_1
797,56.81500697372624,26.019870715982556,4.642400524197667,A,Z,class_1
798,50.28318376130459,35.38003569299299,8.921110982642613,A,Z,class_1
799,50.297561394957434,30.10655824335971,10.903322017575226,B,Z,class_1
800,59.382838059759976,39.50595342876504,10.551503548967514,B,X,class_1
801,44.83955271782626,29.696695930926897,18.07910099194149,B,Z,class_2
802,50.96120776940983,26.457966165447687,11.049400073703723,B,Z,class_1
803,45.377247112949576,22.431428036935863,6.98783620947397,B,Y,class_1
804,45.65503772567684,20.984301618720274,9.71360725873278,B,Y,class_2
805,46.908278765313604,22.07932028497255,4.671260999600644,A,X,class_1
806,52.221337716337125,31.335633255057417,9.758200752109717,B,Y,class_3
807,45.21251378336523,32.54362511614967,7.500831828997724,A,Y,class_3
808,62.55756125573521,22.094046489839332,12.746170826680485,A,Z,class_1
809,41.05392697780496,34.47519157038058,8.351379176213396,A,Z,class_2
810,48.13128355838641,27.5846947415828,9.64970225261426,B,Y,class_3
811,45.60268941725825,30.733965059927748,8.093326475786789,A,Y,class_2
812,64.46977884353733,38.06110314127712,15.216554055559994,B,Y,class_3
813,51.965547765115744,34.48419657932766,9.036271701646266,B,X,class_1
814,60.31844539468635,28.657346760470837,15.497671130437606,A,X,class_2
815,35.14439626963028,25.54403887292356,12.4424552863548,B,X,class_2
816,52.67050265869259,19.240922993353475,11.446200182006159,A,Y,class_2
817,58.896307956234374,26.4042334037879,11.106199441952558,A,Y,class_3
818,50.82283989275424,28.944348805861527,11.181391894648755,B,X,class_3
819,60.654803750653514,25.064102364244082,4.21698226196317,A,X,class_3
820,44.82711549899628,29.343715164538477,9.163349817547731,A,Y,class_1
821,64.0934744018558,30.384259414793842,12.535473913552964,A,Z,class_3
822,72.9889812361925,28.875720090959607,9.853308449577684,B,X,class_1
823,46.37161439560341,26.7499870958827,5.784430459589275,A,Y,class_2
824,45.54497478599228,30.84327335983364,9.842786648267591,B,Y,class_2
825,64.53384477117702,32.209703247847045,15.112316548766474,B,Z,class_1
826,65.79572145730712,24.54800461278577,13.740675146604158,A,Y,class_3
827,44.771399728467316,37.054661898731354,9.813987971901906,A,Y,class_1
828,45.798131829041424,29.507059338578692,12.854347831174259,B,X,class_2
829,47.18215391139493,30.094248114724238,8.900478938895844,B,X,class_2
830,36.55549488965723,33.541072116282784,4.8883852395198435,A,Z,class_1
831,40.81348053515802,31.166080656317508,7.226602035611337,A,Z,class_3
832,39.95859233247932,34.76568316956622,14.688666305524594,B,Y,class_3
833,42.32202434895871,31.43562082600912,9.178020754512087,B,X,class_1
834,49.65315112613219,26.93781312679781,9.269848061874946,B,Z,class_1
835,52.342147325365204,31.80751762603051,9.100485411175358,B,Z,class_3
836,65.50500492814076,24.28136896339669,15.71240976871902,B,Z,class_2
837,40.016459592612094,30.542798528882617,14.87787674608619,A,Y,class_1
838,59.843223984765835,29.833850046777695,16.6563407003444,B,X,class_3
839,47.86011155774491,28.959415713637302,9.522864368799846,B,Z,class_3
840,49.50536290347567,29.357312442805345,10.886873466241285,A,X,class_2
841,56.748194921666034,20.590754772511804,5.450072351737626,A,Z,class_2
842,38.772779784377015,27.256375461295193,14.430803278354823,B,Z,class_2
843,53.82409746184051,30.464224505705573,6.496661346196195,B,X,class_2
844,51.66452208213056,30.799281959987002,10.650326691287887,A,X,class_2
845,54.92451264008149,24.86162429537021,6.708092417101468,B,X,class_1
846,52.89168643907818,36.328539204323505,8.233399519783912,B,Y,class_3
847,74.55300139910894,25.669125758927496,7.488212706850899,A,Z,class_1
848,43.62260015748684,34.84728600263368,8.176374217972546,B,Y,class_1
849,44.690030449981826,32.13597180935842,8.382631890553064,A,X,class_1
850,43.76859473575236,26.768863450780984,8.355193615224769,A,Z,class_1
851,44.44522880839745,38.876554463047555,12.500001735340922,A,Y,class_1
852,43.62612872693482,24.0318158412176,6.68541162081244,A,Z,class_2
853,61.89016531107552,34.59577086805001,10.6616242810416,B,Y,class_2
854,64.20504247989855,35.00291159021489,13.653877456916675,A,X,class_3
855,44.29253706250524,26.646898954616777,8.460410906459812,B,Y,class_1
856,41.67644426895771,36.962326500321645,7.846243327757194,B,Z,class_3
857,54.71415556386404,28.749767427005235,9.308426124459247,B,Z,class_2
858,44.477769557190285,31.443468146399287,13.53917562508213,B,Z,class_2
859,56.32931817755511,31.301609193856102,10.582322892860073,B,Z,class_2
860,52.029230208513,29.32845629264726,8.406357116177205,A,X,class_1
861,34.84255885002768,34.05404136579891,11.451629953564119,A,Y,class_1
862,65.47505201330061,33.967443602761065,6.69312355049073,A,X,class_2
863,67.95877673095522,21.257340133809095,12.044078531328843,A,X,class_3
864,43.87211309515614,36.52170121439076,11.225821923105302,B,X,class_3
865,46.122984400640156,21.68754005982163,9.076574586583348,A,Z,class_2
866,52.85865390724905,35.16273102170829,7.484242604658307,B,Z,class_3
867,53.34456789987025,35.633525684137915,7.339957233149628,B,Z,class_2
868,56.5854427267283,24.54516784892401,11.60445200903773,A,Y,class_3
869,70.1020453876635,27.945928560227077,13.686941507467186,A,Z,class_2
870,48.2305277250595,24.47147665757032,8.088076758913616,A,Y,class_3
871,42.01702755461546,28.925394848556323,11.375160110654454,A,Z,class_1
872,36.20680771985473,28.459828579071292,3.738918944193794,B,Z,class_2
873,42.69069960058081,33.8983026613467,8.246146808028401,B,X,class_2
874,49.66873027126203,36.55154373059804,9.906823201387294,A,X,class_3
875,67.94557863517788,36.97841905394978,7.270949749054499,B,X,class_2
876,44.823887009638284,27.18915986710849,7.190480875631213,B,Y,class_2
877,52.237879516388986,28.95389063127736,7.9966613305933425,B,Y,class_2
878,49.83577103927248,21.58280903889525,10.87657818497912,A,Z,class_1
879,61.88393273448084,25.970649667519055,9.438012944780876,B,Y,class_1
880,75.26932425873622,34.82425816548729,3.2853063000250837,A,Z,class_3
881,44.69131227079679,38.07791411774116,3.6378995420948015,A,Y,class_1
882,45.10560557481778,23.82825564060039,8.179404466428474,B,Y,class_3
883,60.44160877069072,27.037678704235528,11.373059758160656,B,Y,class_1
884,56.81891489626312,29.867971215205365,1.757485471824296,A,X,class_3
885,68.46707325736034,31.40080579409803,8.500809471545107,B,Y,class_1
886,55.83928185325964,25.95198240039177,8.421256430447738,B,X,class_1
887,46.40707909212941,32.12030522232045,14.165013334625343,A,X,class_3
888,55.90654830692309,27.63080326464542,8.84493456486141,A,Y,class_2
889,61.087035805829075,29.927738645608603,11.148966954222786,A,Z,class_2
890,58.204821811973645,32.7314212400185,10.42377142026239,A,Z,class_1
891,55.07274031107298,30.032111349054688,3.608300560578398,B,Z,class_3
892,60.66674689589154,27.818070547367157,12.304621649895212,B,Y,class_2
893,61.692955904456724,29.451950980370846,10.646189516368864,A,Z,class_3
894,63.82158991037527,29.558185203973323,11.524805919023768,A,X,class_2
895,56.48709887589643,28.14994485058936,21.778713119308982,A,Z,class_3
896,48.328819196831454,28.706019686664487,3.7476611815042347,B,Y,class_1
897,51.46713686433323,37.99323585252358,15.174089949283326,A,Z,class_3
898,62.06508966508357,32.80459723970619,9.137657441798932,B,X,class_2
899,41.83064329012764,28.522598409854197,10.861986713209028,A,Y,class_1
900,53.686733088729014,33.48477202255368,9.863463264096273,A,Z,class_3
901,46.06661187672639,28.33090255121995,8.72729099980587,A,Y,class_2
902,50.28744822934817,35.86562318793321,8.290501215283724,B,Y,class_1
903,62.78451862607299,31.84821096099047,10.988526206719028,B,Y,class_3
904,51.910990680199035,29.463489279978855,5.448478909984963,B,Z,class_2
905,50.46436548156149,32.23858462905139,12.251737502565296,A,Y,class_3
906,36.401438590200804,22.145619239657503,8.751416785344238,B,Z,class_3
907,57.46253566027221,24.366162655450974,6.609791982878926,B,X,class_1
908,56.45484181141075,24.030374968004722,8.64996142601256,A,Z,class_1
909,71.6325472330546,30.714715473818533,13.771447650587719,A,X,class_2
910,46.922217650469996,38.66257499742546,8.39399473895133,B,Z,class_1
911,52.19150327663939,41.15650073096316,11.075360854628862,B,Y,class_2
912,52.49383683710755,33.19025550720379,7.80713117285358,B,Z,class_3
913,65.77453279763475,32.50422237472228,12.273765549770859,B,Y,class_3
914,49.047044676130476,20.994711329236306,12.056523216370612,A,X,class_2
915,52.790215257703395,27.28663100132989,15.545826499889234,A,Z,class_3
916,56.078965097165394,26.061081240458805,9.473308163502354,A,Y,class_1
917,51.86609123156358,26.89576200874442,12.00596441427372,B,X,class_3
918,45.535663854494715,29.159280907076052,10.294202618616834,B,X,class_1
919,51.94089992898308,27.639547111514364,13.887615345589044,A,Z,class_2
920,60.73631749859772,20.103500948121063,7.8435028371738085,A,X,class_2
921,39.7348470058894,33.73955128058767,12.235015938631843,B,Y,class_3
922,51.32969674146876,24.63628487130097,9.415908111649955,B,X,class_3
923,42.99879185060827,31.196234320555746,9.807435468674507,A,X,class_1
924,61.950466289248425,40.370413348749864,10.275257453345118,A,Y,class_1
925,34.76813095216225,25.403077042067885,10.756721189280032,A,X,class_3
926,44.410781527284115,17.348562386268352,9.651312870634126,B,X,class_3
927,53.772118750645205,28.569978890599447,10.644139549511578,B,X,class_2
928,65.65524029234341,35.50479817499286,14.734354172686553,B,X,class_2
929,49.34249738927012,39.79173727110297,12.956349056845655,B,Y,class_2
930,44.44800473306802,23.852252027737915,12.60746377749069,B,X,class_3
931,68.8115706944059,32.48349611618261,8.633381421928387,B,Y,class_3
932,35.51986099583756,27.673447716099734,7.332277515315027,A,X,class_3
933,28.011940433799182,29.47025822847932,12.865901674713259,A,X,class_2
934,54.40014450053332,43.221716735085174,12.628140377589382,B,X,class_3
935,44.97945775647389,22.485148358024233,14.418012027252946,A,X,class_1
936,39.787671828692865,31.268698307472867,8.188058122092311,B,Y,class_3
937,57.08356447299353,32.33846585882716,9.311354033918958,A,Y,class_3
938,52.43800713771199,35.42893162469674,5.081547512423698,B,Y,class_3
939,44.359213692632714,30.48991576735448,8.82258668181738,A,Z,class_3
940,37.19695601329106,31.54025269752051,12.989711531738342,A,X,class_3
941,58.724573282801444,28.041757162891045,8.600513862315406,B,X,class_1
942,56.50201177958661,31.345634706225535,11.921439385602472,B,Y,class_1
943,49.00824136220617,28.28403862251295,9.428490682006567,A,Z,class_3
944,68.46636996047665,33.107859449280255,10.972171084664682,A,X,class_2
945,39.29915233673847,28.15194831978183,6.5569258305529985,B,Y,class_3
946,34.74474829075261,31.885501969510933,10.255628348901704,A,X,class_3
947,43.080919301187556,29.853685931575107,1.0265920872978302,B,X,class_3
948,49.54413983644502,35.63025125386084,9.439311525514045,B,Y,class_2
949,52.43339449322692,29.74303138205757,5.108580268854579,A,Y,class_2
950,47.5876394214367,21.134837658965594,13.617983549640448,B,X,class_2
951,53.520553965142966,36.30960750356996,12.332222058293533,A,X,class_1
952,37.484605758095555,25.471338495686904,11.400012945898244,A,Y,class_2
953,64.4376460407326,26.7311683067559,14.56301868147814,B,X,class_1
954,49.178488216074314,27.02169352978254,7.153250437525489,A,X,class_1
955,61.17295831588128,36.87219046585409,15.242089593746675,B,Y,class_2
956,53.42725346377704,19.32162893010652,12.796574692781155,B,X,class_2
957,54.567532191537836,45.68874266829997,9.290334138343162,B,X,class_2
958,55.69767280232204,35.28028404533026,13.406860441548833,A,Z,class_1
959,54.47708560017315,31.1161945706458,6.681119462765097,B,Y,class_3
960,56.42722759867544,29.725529996918567,7.526457515416979,A,Z,class_2
961,63.29152530132431,31.427770374288286,8.174230830280898,B,Z,class_2
962,51.9652116970147,32.60561214189669,8.413066875807955,B,Z,class_2
963,57.09003757588512,33.22607792975029,6.830327071719242,B,X,class_1
964,49.102643057127736,32.778022330017244,13.669249201285975,A,X,class_1
965,64.40117215449473,30.447903406276243,9.223436798890505,A,Z,class_3
966,43.2360769794073,29.01330789846337,11.057514905070638,B,Z,class_2
967,68.00940432910815,29.243633581732443,8.288945900758959,B,Z,class_1
968,49.59842049355657,29.025458598236597,4.538190098354448,A,X,class_3
969,35.69224897881952,35.66885048433532,10.810172075174266,A,Z,class_2
970,51.28104414910789,32.96778361140431,4.2632350737406695,A,Z,class_1
971,43.18948342525119,15.298056826678598,9.794097861743595,B,Y,class_2
972,58.406435489887244,33.279503882648804,5.895054883501569,A,Y,class_2
973,43.47376020697609,30.973680973593876,15.961827997692424,B,X,class_1
974,45.538165667852205,29.90645621777051,12.734088166524165,A,Y,class_1
975,31.104592690544692,28.05740773455557,10.317261373814441,B,Y,class_1
976,45.47693680750923,35.620563599930065,13.791120032964006,B,Y,class_2
977,25.761206733710434,34.73763231061429,7.461052067602792,B,X,class_2
978,34.16097176514277,26.135611660881956,11.630438136010278,A,Y,class_3
979,57.604146561442974,32.03526143562267,10.599431301156141,A,X,class_2
980,57.85800158650832,25.141716327293572,10.79206024400101,A,Z,class_1
981,54.254575617849646,23.101909176055347,13.817060500320304,B,Y,class_2
982,40.33023856870787,26.866413877050174,12.197476308339407,B,X,class_3
983,49.5228864385802,34.311967361913794,10.86617098847507,A,Y,class_3
984,49.963974609094315,34.76562522688043,5.035337691315112,B,Z,class_1
985,38.416353108074574,32.56542710048647,7.119861114161608,B,X,class_1
986,65.0339830176715,33.625478934239986,9.631873199212828,B,X,class_3
987,58.77362290575672,32.58089143557479,10.280117122829953,A,X,class_3
988,47.79035826170336,26.792592023885238,6.609388825978229,B,Z,class_3
989,50.26885838994531,32.159612723369705,17.235030026735263,A,Z,class_1
990,52.08382807947552,34.00204762613841,14.549182165760719,A,Z,class_3
991,29.582651315757094,33.77145664906787,11.806354961177451,A,X,class_3
992,47.52822617479403,35.94456685737322,10.216110583851234,A,Z,class_1
993,43.180157520022014,33.54151923600532,9.363373090296543,A,Y,class_2
994,39.983799901050844,31.757241037707914,7.144244619933294,B,Z,class_2
995,47.18899707114045,35.350751191582134,10.232441555556587,A,X,class_3
996,67.97686526849523,29.8673937037547,10.773257620428252,A,Y,class_2
997,56.4084286126701,25.59062674386141,6.274718273555127,A,Z,class_2
998,44.28821010217203,29.18466518028118,11.002529251734693,B,Y,class_2
999,55.72582781356159,26.275486775967753,9.534222853525753,B,Y,class_2
